<?xml version="1.0" encoding="utf-8"?><feed xmlns="http://www.w3.org/2005/Atom" ><generator uri="https://jekyllrb.com/" version="4.3.4">Jekyll</generator><link href="http://localhost:4000/feed.xml" rel="self" type="application/atom+xml" /><link href="http://localhost:4000/" rel="alternate" type="text/html" /><updated>2025-02-14T21:59:46-03:00</updated><id>http://localhost:4000/feed.xml</id><title type="html">Di-fusão Now All</title><subtitle>Textos que chegaram através do homem nawal, nahualli, arhat, tathāgata, jīvanmukti, yogi, sidha, Arya, Nuvem Que Passa, Cavalo de Fogo, Alex Sed Rex, Júlio César Guerrero, Toltecayolt, dao, tao, 道 , xamanismo guerreiro, advaita vedanta, Arya Ashta Marga, bhagavatam, samadhi, moksha, mukti, nirvana, satori, 悟り, kensho, bodhi, jnana, atma jnana, Wu, 悟 , kototama, 言霊 , 言魂, mushin, 無心 , Wu wei,  無為 , Dainichi Nyorai, 大日如来, ratna trayaya, chatur arya satya, budha, sat chit ananda, brahman, Oomoto sume oomikami, 大天主太神, sanatana dharma, dharmapāla, Gopala, Kavi, Pir, Rishi, Muni, Dhammacakka, liberdade, aventura, vida longa, ॐ</subtitle><entry><title type="html">Mãos à Obra!</title><link href="http://localhost:4000/jekyll/update/2025/02/09/maos-a-obra.html" rel="alternate" type="text/html" title="Mãos à Obra!" /><published>2025-02-09T19:45:08-03:00</published><updated>2025-02-09T19:45:08-03:00</updated><id>http://localhost:4000/jekyll/update/2025/02/09/maos-a-obra</id><content type="html" xml:base="http://localhost:4000/jekyll/update/2025/02/09/maos-a-obra.html"><![CDATA[<p>A medida que formos subindo mais conteúdo para a Nuvem, informaremos através dos posts nesta sessão de posts que pode ser acessada ao clicar o link Di-Fusão Now All acima ou através do link <a href="/https://uni-om.github.io">https://uni-om.github.io</a> . Se inscreva no RSS para receber as novidades, ou então acesse esta página para ver se há novidades. Os respectivos links para as diferentes seções de conteúdo se encontram no cabeçalho à cima na direita ou então no ícone ☰ (<em>hambúrger</em>) no canto direito superior.</p>

<!-- 

You can rebuild the site in many different ways, but the most common way is to run `jekyll serve`, which launches a web server and auto-regenerates your site when a file is updated.

Jekyll requires blog post files to be named according to the following format:

`YEAR-MONTH-DAY-title.MARKUP`

Where `YEAR` is a four-digit number, `MONTH` and `DAY` are both two-digit numbers, and `MARKUP` is the file extension representing the format used in the file. After that, include the necessary front matter. Take a look at the source for this post to get an idea about how it works.

Jekyll also offers powerful support for code snippets:


<figure class="highlight"><pre><code class="language-ruby" data-lang="ruby"><span class="k">def</span> <span class="nf">print_hi</span><span class="p">(</span><span class="nb">name</span><span class="p">)</span>
  <span class="nb">puts</span> <span class="s2">"Hi, </span><span class="si">#{</span><span class="nb">name</span><span class="si">}</span><span class="s2">"</span>
<span class="k">end</span>
<span class="n">print_hi</span><span class="p">(</span><span class="s1">'Tom'</span><span class="p">)</span>
<span class="c1">#=&gt; prints 'Hi, Tom' to STDOUT.</span></code></pre></figure>




Acesse o developer [uni-om]
Check out the [Jekyll docs][jekyll-docs] for more info on how to get the most out of Jekyll. File all bugs/feature requests at [Jekyll’s GitHub repo][jekyll-gh]. If you have questions, you can ask them on [Jekyll Talk][jekyll-talk]. -->]]></content><author><name></name></author><category term="jekyll" /><category term="update" /><summary type="html"><![CDATA[A medida que formos subindo mais conteúdo para a Nuvem, informaremos através dos posts nesta sessão de posts que pode ser acessada ao clicar o link Di-Fusão Now All acima ou através do link https://uni-om.github.io . Se inscreva no RSS para receber as novidades, ou então acesse esta página para ver se há novidades. Os respectivos links para as diferentes seções de conteúdo se encontram no cabeçalho à cima na direita ou então no ícone ☰ (hambúrger) no canto direito superior.]]></summary></entry></feed>